City_ID,City,Country,Date,Lat,Lng,Max Temp,Humidity,Cloudiness,Wind Speed
0,Kapaa,US,2022-09-02 03:35:06,22.0752,-159.319,84.18,71,20,16.11
1,Avarua,CK,2022-09-02 03:35:06,-21.2078,-159.775,78.85,83,75,6.91
2,Rodrigues Alves,BR,2022-09-02 03:35:07,-7.738,-72.6509,74.46,65,66,1.92
3,Necochea,AR,2022-09-02 03:35:07,-38.5473,-58.7368,47.39,83,92,15.88
4,Georgetown,MY,2022-09-02 03:34:16,5.4112,100.3354,87.89,78,40,7.0
5,Bredasdorp,ZA,2022-09-02 03:35:07,-34.5322,20.0403,47.28,91,3,5.39
6,Tasiilaq,GL,2022-09-02 03:35:08,65.6145,-37.6368,41.16,68,100,3.89
7,Albany,US,2022-09-02 03:35:08,42.6001,-73.9662,57.63,77,0,4.83
8,Mar Del Plata,AR,2022-09-02 03:34:17,-38.0023,-57.5575,48.94,87,0,15.01
9,Hithadhoo,MV,2022-09-02 03:35:08,-0.6,73.0833,81.73,72,8,17.58
10,Atuona,PF,2022-09-02 03:35:08,-9.8,-139.0333,76.44,75,5,22.39
11,Ushuaia,AR,2022-09-02 03:35:09,-54.8,-68.3,37.06,81,20,9.22
12,Acari,PE,2022-09-02 03:35:09,-15.4311,-74.6158,61.45,75,38,4.38
13,Bluff,NZ,2022-09-02 03:35:09,-46.6,168.3333,57.79,77,75,5.86
14,Carnarvon,AU,2022-09-02 03:35:10,-24.8667,113.6333,70.32,71,100,22.75
15,Ribeira Grande,PT,2022-09-02 03:35:10,38.5167,-28.7,72.68,79,68,15.12
16,Rikitea,PF,2022-09-02 03:35:10,-23.1203,-134.9692,72.59,74,1,13.15
17,Qaanaaq,GL,2022-09-02 03:35:10,77.484,-69.3632,30.6,67,89,6.67
18,Hilo,US,2022-09-02 03:35:11,19.7297,-155.09,80.33,72,75,6.91
19,New Norfolk,AU,2022-09-02 03:35:11,-42.7826,147.0587,56.91,57,68,5.01
20,Pangnirtung,CA,2022-09-02 03:35:11,66.1451,-65.7125,42.4,98,100,2.35
21,Ranau,MY,2022-09-02 03:35:12,5.9538,116.6641,83.32,71,95,1.63
22,Port Alfred,ZA,2022-09-02 03:35:12,-33.5906,26.891,60.19,85,51,4.0
23,Gornyy,RU,2022-09-02 03:35:12,55.1153,83.9059,52.57,90,100,10.94
24,Vaini,TO,2022-09-02 03:35:12,-21.2,-175.2,75.36,73,20,9.22
25,Iskateley,RU,2022-09-02 03:35:13,67.6803,53.1512,45.32,62,100,18.39
26,Tiarei,PF,2022-09-02 03:35:13,-17.5333,-149.3333,82.42,73,31,17.25
27,Rio Grande,BR,2022-09-02 03:34:11,-32.035,-52.0986,61.95,97,100,4.59
28,Portland,US,2022-09-02 03:34:06,45.5234,-122.6762,82.33,50,0,6.91
29,Hermanus,ZA,2022-09-02 03:35:13,-34.4187,19.2345,45.81,78,15,10.74
30,Punta Arenas,CL,2022-09-02 03:32:29,-53.15,-70.9167,37.51,87,0,9.22
31,Busselton,AU,2022-09-02 03:35:14,-33.65,115.3333,63.52,54,98,15.86
32,Jamestown,US,2022-09-02 03:30:33,42.097,-79.2353,60.44,68,0,1.01
33,Yellowknife,CA,2022-09-02 03:35:14,62.456,-114.3525,54.12,82,75,11.5
34,Bengkulu,ID,2022-09-02 03:35:14,-3.8004,102.2655,79.05,79,100,13.78
35,Balakhninskiy,RU,2022-09-02 03:35:15,58.0106,114.2769,47.8,69,92,9.86
36,Mataura,NZ,2022-09-02 03:35:15,-46.1927,168.8643,57.47,87,67,3.27
37,Jalu,LY,2022-09-02 03:35:15,29.0331,21.5482,78.01,54,0,7.83
38,Tuktoyaktuk,CA,2022-09-02 03:35:15,69.4541,-133.0374,62.6,67,75,5.75
39,Sturgeon Bay,US,2022-09-02 03:31:13,44.8342,-87.377,73.38,78,0,10.36
40,Cayenne,GF,2022-09-02 03:35:16,4.9333,-52.3333,75.24,94,0,2.3
41,Udachnyy,RU,2022-09-02 03:35:16,66.4167,112.4,43.45,93,100,13.71
42,Lata,PT,2022-09-02 03:35:16,40.1629,-8.3327,62.65,87,100,2.68
43,Dikson,RU,2022-09-02 03:35:17,73.5069,80.5464,40.41,78,100,15.59
44,Lavrentiya,RU,2022-09-02 03:35:17,65.5833,-171.0,42.17,86,100,14.25
45,Kedougou,SN,2022-09-02 03:35:17,12.5579,-12.1743,72.61,97,100,4.21
46,Inuvik,CA,2022-09-02 03:35:18,68.3499,-133.7218,65.41,48,75,2.3
47,Hue,VN,2022-09-02 03:35:18,16.4667,107.6,87.91,70,40,5.75
48,Nuuk,GL,2022-09-02 03:35:18,64.1835,-51.7216,47.01,71,75,5.75
49,Camacha,PT,2022-09-02 03:35:19,33.0833,-16.3333,69.22,78,20,5.75
50,Lorengau,PG,2022-09-02 03:35:19,-2.0226,147.2712,85.1,63,100,12.08
51,Arraial Do Cabo,BR,2022-09-02 03:35:19,-22.9661,-42.0278,67.64,79,0,24.67
52,Saint-Joseph,RE,2022-09-02 03:35:20,-21.3667,55.6167,62.98,73,53,9.48
53,Mecca,SA,2022-09-02 03:35:20,21.4267,39.8261,84.76,64,2,2.64
54,Hobart,AU,2022-09-02 03:35:17,-42.8794,147.3294,57.25,56,40,17.27
55,Iquitos,PE,2022-09-02 03:34:58,-3.7481,-73.2472,75.24,100,0,2.3
56,Vao,NC,2022-09-02 03:35:20,-22.6667,167.4833,70.34,66,19,14.99
57,Souillac,MU,2022-09-02 03:35:21,-20.5167,57.5167,68.38,77,20,4.61
58,Clyde River,CA,2022-09-02 03:35:21,70.4692,-68.5914,35.83,100,100,16.11
59,Tukrah,LY,2022-09-02 03:35:21,32.5341,20.5791,76.95,78,0,2.98
60,Fortuna,US,2022-09-02 03:35:22,40.5982,-124.1573,58.93,95,100,4.61
61,Doctor Cecilio Baez,PY,2022-09-02 03:35:22,-25.05,-56.3167,77.4,47,70,4.85
62,Provideniya,RU,2022-09-02 03:35:22,64.3833,-173.3,50.36,93,100,13.42
63,Butaritari,KI,2022-09-02 03:35:22,3.0707,172.7902,81.52,77,34,16.22
64,Chicama,PE,2022-09-02 03:35:23,-7.8447,-79.1469,57.74,82,77,6.35
65,Whyalla,AU,2022-09-02 03:32:38,-33.0333,137.5833,56.53,50,21,18.19
66,Silikatnyy,RU,2022-09-02 03:35:23,53.9896,48.3275,53.24,63,61,7.9
67,Grand Gaube,MU,2022-09-02 03:35:23,-20.0064,57.6608,68.4,67,8,1.99
68,Umm Kaddadah,SD,2022-09-02 03:35:24,13.6017,26.6876,81.27,58,86,9.06
69,Santa Vitoria,BR,2022-09-02 03:35:24,-18.8386,-50.1214,72.32,35,0,9.37
70,Cape Town,ZA,2022-09-02 03:30:36,-33.9258,18.4232,57.88,77,75,11.5
71,Abu Dhabi,AE,2022-09-02 03:35:24,24.4667,54.3667,84.96,86,6,3.44
72,Quelimane,MZ,2022-09-02 03:35:24,-17.8786,36.8883,66.13,71,83,4.23
73,Barrow,US,2022-09-02 03:35:25,71.2906,-156.7887,39.22,93,100,18.41
74,Half Moon Bay,US,2022-09-02 03:31:55,37.4636,-122.4286,76.78,85,100,18.41
75,Dayong,CN,2022-09-02 03:35:25,25.0209,118.2898,90.93,46,19,7.92
76,Odweyne,SO,2022-09-02 03:35:26,9.4092,45.064,72.18,46,16,17.69
77,Itaituba,BR,2022-09-02 03:35:26,-4.2761,-55.9836,76.68,64,61,1.12
78,Bure,ET,2022-09-02 03:35:26,10.7,37.0667,55.31,97,100,2.24
79,Kieta,PG,2022-09-02 03:35:26,-6.2167,155.6333,84.42,70,19,5.48
80,Lengshuijiang,CN,2022-09-02 03:35:27,27.6881,111.4294,84.87,41,29,9.24
81,Saskylakh,RU,2022-09-02 03:35:27,71.9167,114.0833,41.47,73,100,21.7
82,Hamilton,US,2022-09-02 03:30:46,39.1834,-84.5333,73.99,83,0,0.0
83,Port Blair,IN,2022-09-02 03:35:27,11.6667,92.75,86.04,74,40,3.44
84,Cherskiy,RU,2022-09-02 03:35:28,68.75,161.3,54.66,36,54,7.58
85,Rolla,US,2022-09-02 03:35:28,37.9514,-91.7713,73.54,75,0,8.05
86,Mahebourg,MU,2022-09-02 03:35:28,-20.4081,57.7,68.29,77,20,4.61
87,Coihaique,CL,2022-09-02 03:35:28,-45.5752,-72.0662,40.95,70,0,3.44
88,Shenzhen,CN,2022-09-02 03:35:29,22.5455,114.0683,88.14,55,100,11.56
89,Chipiona,ES,2022-09-02 03:35:29,36.7366,-6.437,71.82,83,0,3.44
90,Whakatane,NZ,2022-09-02 03:35:29,-37.9585,176.9854,62.51,60,54,4.0
91,Port Elizabeth,ZA,2022-09-02 03:32:13,-33.918,25.5701,60.1,91,20,18.41
92,Westport,US,2022-09-02 03:35:29,41.1415,-73.3579,72.07,56,0,12.66
93,Craig,US,2022-09-02 03:35:30,40.5153,-107.5464,74.82,37,0,0.0
94,Henties Bay,NA,2022-09-02 03:35:30,-22.116,14.2845,54.45,95,3,5.3
95,Chapais,CA,2022-09-02 03:35:30,49.7834,-74.8492,44.38,96,7,4.76
96,Digby,CA,2022-09-02 03:35:31,44.6169,-65.7655,59.95,77,3,13.33
97,Shadegan,IR,2022-09-02 03:35:31,30.6497,48.6647,87.75,11,18,2.39
98,Laguna,US,2022-09-02 03:32:37,38.421,-121.4238,93.34,25,0,5.75
99,Khvoynaya,RU,2022-09-02 03:35:31,58.9,34.5333,40.82,97,100,11.56
100,Popondetta,PG,2022-09-02 03:35:32,-8.7537,148.2534,87.91,56,57,7.36
101,Tecoanapa,MX,2022-09-02 03:35:32,16.5167,-98.75,79.12,91,100,6.44
102,Koslan,RU,2022-09-02 03:35:32,63.4564,48.8989,45.5,95,99,5.53
103,Montlucon,FR,2022-09-02 03:35:32,46.3333,2.6,57.7,94,93,5.01
104,Kahului,US,2022-09-02 03:33:13,20.8947,-156.47,82.98,70,40,20.71
105,Byron Bay,AU,2022-09-02 03:35:33,-28.65,153.6167,67.95,67,100,7.16
106,Miyako,JP,2022-09-02 03:34:29,39.6367,141.9525,72.01,86,99,3.47
107,Dudinka,RU,2022-09-02 03:35:33,69.4058,86.1778,43.63,63,37,18.52
108,Ancud,CL,2022-09-02 03:35:33,-41.8697,-73.8203,42.22,83,6,4.29
109,Mitsamiouli,KM,2022-09-02 03:35:33,-11.3847,43.2844,71.89,73,75,5.75
110,Houma,US,2022-09-02 03:35:19,29.5958,-90.7195,80.01,89,92,0.0
111,Pali,IN,2022-09-02 03:35:34,25.7667,73.3333,87.67,58,46,6.4
112,Huarmey,PE,2022-09-02 03:35:34,-10.0681,-78.1522,60.62,83,69,9.51
113,Kutum,SD,2022-09-02 03:35:34,14.2,24.6667,73.45,68,100,6.8
114,Sitka,US,2022-09-02 03:33:10,57.0531,-135.33,58.89,77,100,0.0
115,Bandarbeyla,SO,2022-09-02 03:35:35,9.4942,50.8122,76.89,62,36,21.88
116,Meulaboh,ID,2022-09-02 03:35:35,4.1363,96.1285,83.66,65,96,2.66
117,Mayo,US,2022-09-02 03:35:35,38.8876,-76.5119,77.13,78,0,0.0
118,Asau,RO,2022-09-02 03:35:35,46.4333,26.4,54.52,96,100,2.71
119,Norman Wells,CA,2022-09-02 03:35:36,65.282,-126.8329,60.84,67,75,3.44
120,Ardakan,IR,2022-09-02 03:35:36,32.31,54.0175,79.36,11,5,3.71
121,Kavieng,PG,2022-09-02 03:35:36,-2.5744,150.7967,83.57,71,100,12.46
122,Srinagar,IN,2022-09-02 03:35:37,34.0833,74.8167,70.97,72,0,1.77
123,Vila Franca Do Campo,PT,2022-09-02 03:35:37,37.7167,-25.4333,70.21,86,100,6.22
124,Do Gonbadan,IR,2022-09-02 03:35:37,30.3586,50.7981,78.89,69,0,2.3
125,Bubaque,GW,2022-09-02 03:35:37,11.2833,-15.8333,76.6,88,100,13.47
126,Avera,US,2022-09-02 03:35:38,33.194,-82.5271,72.37,87,27,5.48
127,Zarate,AR,2022-09-02 03:35:38,-34.0981,-59.0286,57.96,71,100,20.0
128,Eyl,SO,2022-09-02 03:35:38,7.9803,49.8164,77.85,58,20,22.08
129,Vigrestad,NO,2022-09-02 03:35:38,58.5667,5.7,54.59,84,33,4.79
130,Taltal,CL,2022-09-02 03:35:39,-25.4,-70.4833,57.92,65,0,3.38
131,Lebu,CL,2022-09-02 03:32:53,-37.6167,-73.65,46.13,90,9,15.59
132,Kununurra,AU,2022-09-02 03:31:34,-15.7667,128.7333,87.78,42,0,17.27
133,Bandundu,CD,2022-09-02 03:35:39,-3.3167,17.3667,70.86,94,100,4.7
134,Bambous Virieux,MU,2022-09-02 03:35:39,-20.3428,57.7575,68.25,77,20,4.61
135,Pevek,RU,2022-09-02 03:35:39,69.7008,170.3133,33.73,75,43,1.54
136,Korla,CN,2022-09-02 03:35:40,41.7597,86.1469,78.35,27,0,3.89
137,Nhulunbuy,AU,2022-09-02 03:35:40,-12.2333,136.7667,84.81,61,75,18.41
138,Wanning,CN,2022-09-02 03:35:40,18.8003,110.3967,86.7,71,74,3.58
139,Castro,BR,2022-09-02 03:35:40,-24.7911,-50.0119,55.78,70,0,4.03
140,Puerto Ayora,EC,2022-09-02 03:35:41,-0.7393,-90.3518,68.56,93,73,5.01
141,Broome,US,2022-09-02 03:35:41,42.2506,-75.833,55.78,90,0,3.44
142,Meadow Lake,US,2022-09-02 03:35:41,34.8014,-106.5436,78.3,38,41,5.91
143,Shimoda,JP,2022-09-02 03:35:42,34.6667,138.95,75.56,81,35,8.88
144,Kudahuvadhoo,MV,2022-09-02 03:35:42,2.6708,72.8944,82.31,73,89,19.71
145,Moussoro,TD,2022-09-02 03:35:42,13.6408,16.4901,79.14,76,100,9.08
146,Margate,GB,2022-09-02 03:35:42,51.3813,1.3862,67.3,78,97,3.0
147,Yeniseysk,RU,2022-09-02 03:35:43,58.4497,92.1703,50.41,64,100,4.88
148,Khatanga,RU,2022-09-02 03:35:43,71.9667,102.5,37.4,97,100,14.88
149,Mwene-Ditu,CD,2022-09-02 03:35:43,-7.0,23.45,68.14,76,85,3.56
150,Hasaki,JP,2022-09-02 03:35:43,35.7333,140.8333,77.29,90,97,18.84
151,Tautira,PF,2022-09-02 03:35:44,-17.7333,-149.15,77.56,73,35,16.35
152,Bethel,US,2022-09-02 03:35:44,41.3712,-73.414,68.36,60,0,9.22
153,Mulege,MX,2022-09-02 03:35:44,26.8833,-111.9833,83.64,75,98,2.21
154,Kodiak,US,2022-09-02 03:35:44,57.79,-152.4072,54.91,76,100,4.61
155,Vostok,RU,2022-09-02 03:35:45,46.4856,135.8833,62.58,46,0,9.91
156,Yulara,AU,2022-09-02 03:35:45,-25.2406,130.9889,69.35,25,2,19.13
157,Roald,NO,2022-09-02 03:35:45,62.5833,6.1333,58.75,87,100,8.05
158,Esperance,AU,2022-09-02 03:35:45,-33.8667,121.9,59.34,68,100,17.9
159,Sundumbili,ZA,2022-09-02 03:35:46,-29.1337,31.3975,57.11,51,0,6.67
160,Chokurdakh,RU,2022-09-02 03:35:46,70.6333,147.9167,48.24,49,54,16.87
161,Saint George,US,2022-09-02 03:34:40,37.1041,-113.5841,99.19,17,0,6.91
162,Bogorodskoye,RU,2022-09-02 03:35:46,56.55,37.8833,41.77,90,99,12.84
163,Ponta Do Sol,PT,2022-09-02 03:35:46,32.6667,-17.1,75.0,83,36,3.27
164,Honolulu,US,2022-09-02 03:30:52,21.3069,-157.8583,84.02,61,75,13.8
165,Vilyuysk,RU,2022-09-02 03:35:47,63.7553,121.6247,49.91,51,94,5.37
166,Hanko,FI,2022-09-02 03:35:47,59.8333,22.95,38.14,81,9,16.13
167,Zhezkazgan,KZ,2022-09-02 03:35:47,47.8043,67.7144,75.18,31,0,4.47
168,Sandwick,GB,2022-09-02 03:35:48,60.0,-1.25,55.22,100,100,6.91
169,Kashan,IR,2022-09-02 03:35:48,33.9831,51.4364,85.1,10,0,2.21
170,Kandalaksha,RU,2022-09-02 03:35:48,67.162,32.4123,42.1,81,80,12.93
171,Thompson,CA,2022-09-02 03:35:48,55.7435,-97.8558,59.16,77,40,10.36
172,Beloha,MG,2022-09-02 03:35:49,-25.1667,45.05,61.72,70,46,9.93
173,Dunedin,NZ,2022-09-02 03:32:33,-45.8742,170.5036,52.81,85,100,1.01
174,Mahibadhoo,MV,2022-09-02 03:35:49,3.7833,72.9667,80.62,79,85,16.89
175,San Cristobal,VE,2022-09-02 03:35:49,7.7669,-72.225,68.18,97,51,1.83
176,Saint-Philippe,RE,2022-09-02 03:35:49,-21.3585,55.7679,63.99,73,49,11.81
177,Hervey Bay,AU,2022-09-02 03:35:50,-25.2986,152.8535,73.02,75,96,5.01
178,Vanavara,RU,2022-09-02 03:35:50,60.34,102.2797,46.56,71,100,2.57
179,Tura,IN,2022-09-02 03:35:50,25.5198,90.2201,77.23,94,87,5.5
180,San Patricio,US,2022-09-02 03:35:50,28.017,-97.5169,87.84,77,84,9.1
181,Svetlogorsk,BY,2022-09-02 03:35:51,52.6333,29.7333,40.59,84,7,5.17
182,Kuybysheve,UA,2022-09-02 03:35:51,47.358,36.6491,57.85,46,3,11.05
183,Simao,CN,2022-09-02 03:35:51,22.7886,100.9748,73.69,82,92,1.59
184,Bredy,RU,2022-09-02 03:35:51,52.4153,60.3411,80.44,21,61,14.7
185,Iqaluit,CA,2022-09-02 03:35:52,63.7506,-68.5145,40.73,100,75,4.61
186,Palu,ID,2022-09-02 03:35:52,-0.8917,119.8707,91.76,51,14,3.2
187,Shingu,JP,2022-09-02 03:35:52,33.7333,135.9833,83.89,75,31,5.95
188,Hofn,IS,2022-09-02 03:35:52,64.2539,-15.2082,48.0,80,100,10.27
189,Leh,IN,2022-09-02 03:35:53,34.1667,77.5833,62.08,47,12,6.53
190,Haines Junction,CA,2022-09-02 03:35:53,60.7522,-137.5108,55.35,54,100,5.75
191,Hohhot,CN,2022-09-02 03:35:53,40.8106,111.6522,71.89,43,0,4.47
192,Salalah,OM,2022-09-02 03:35:54,17.0151,54.0924,77.09,88,75,3.44
193,Karachi,PK,2022-09-02 03:35:54,24.9056,67.0822,84.02,74,75,9.22
194,Zhanaozen,KZ,2022-09-02 03:35:54,43.3,52.8,84.45,15,0,13.85
195,Wewak,PG,2022-09-02 03:35:54,-3.5534,143.6268,84.63,69,99,8.95
196,Honiton,GB,2022-09-02 03:35:54,50.7996,-3.189,60.24,87,94,8.61
197,Beni Suef,EG,2022-09-02 03:35:55,29.0731,31.0979,75.54,72,0,11.48
198,Arlit,NE,2022-09-02 03:35:55,18.7369,7.3853,88.74,42,63,8.55
199,Tazmalt,DZ,2022-09-02 03:35:55,36.3868,4.3989,82.08,40,99,3.6
200,Zhaozhou,CN,2022-09-02 03:35:55,45.6833,125.3167,73.27,44,0,14.85
201,Tabas,IR,2022-09-02 03:35:56,33.5959,56.9244,83.25,11,0,1.77
202,Annan,GB,2022-09-02 03:35:56,54.9884,-3.2565,57.78,94,0,6.76
203,Aksarka,RU,2022-09-02 03:35:56,66.5606,67.7975,48.99,57,95,7.99
204,Port Hawkesbury,CA,2022-09-02 03:33:38,45.6169,-61.3485,68.04,77,0,4.61
205,Anloga,GH,2022-09-02 03:35:57,5.7947,0.8973,74.08,93,100,11.99
206,Kingman,US,2022-09-02 03:35:57,35.1894,-114.053,94.48,26,0,11.5
207,Storforshei,NO,2022-09-02 03:35:57,66.4043,14.5233,47.98,53,40,5.75
208,Severo-Kurilsk,RU,2022-09-02 03:35:57,50.6789,156.125,54.23,78,100,9.28
209,Acevedo,CO,2022-09-02 03:35:58,1.8361,-75.855,63.23,96,60,1.68
210,Wharton,US,2022-09-02 03:35:05,29.3116,-96.1027,81.9,97,0,0.0
211,Ginir,ET,2022-09-02 03:35:58,7.1333,40.7,57.88,73,49,8.16
212,Naze,JP,2022-09-02 03:35:58,28.3667,129.4833,86.92,83,62,21.43
213,Manzhouli,CN,2022-09-02 03:35:58,49.6,117.4333,78.06,24,43,12.68
214,Pacific Grove,US,2022-09-02 03:35:59,36.6177,-121.9166,68.23,89,40,3.44
215,Barra Do Garcas,BR,2022-09-02 03:35:59,-15.89,-52.2567,72.99,40,0,1.34
216,Husavik,IS,2022-09-02 03:35:59,66.0449,-17.3389,45.03,95,100,12.17
217,Santa Cruz Del Norte,CU,2022-09-02 03:35:59,23.1539,-81.9236,81.82,79,12,11.25
218,Ketchikan,US,2022-09-02 03:36:00,55.3422,-131.6461,61.27,77,100,5.75
219,Pipar,IN,2022-09-02 03:36:00,26.3856,73.5378,88.32,57,63,7.2
220,Moscow,RU,2022-09-02 03:35:10,55.7522,37.6156,45.23,79,99,13.69
221,Paka,MY,2022-09-02 03:36:00,4.6374,103.4368,87.73,74,20,0.0
222,Rocha,UY,2022-09-02 03:34:26,-34.4833,-54.3333,54.61,99,100,4.68
223,Almenara,BR,2022-09-02 03:36:01,-16.1836,-40.6944,63.1,84,82,1.54
224,Cidreira,BR,2022-09-02 03:36:01,-30.1811,-50.2056,60.89,91,90,10.27
225,Kirksville,US,2022-09-02 03:36:01,40.1948,-92.5833,71.58,77,0,6.91
226,Ilhabela,BR,2022-09-02 03:36:01,-23.7781,-45.3581,64.33,80,1,3.91
227,Sendafa,ET,2022-09-02 03:36:02,9.15,39.0333,52.95,89,26,1.25
228,Sao Miguel Do Araguaia,BR,2022-09-02 03:36:02,-13.275,-50.1628,72.55,33,0,5.75
229,Sao Joao Da Barra,BR,2022-09-02 03:36:02,-21.6403,-41.0511,67.95,75,0,16.4
230,Gaoyou,CN,2022-09-02 03:36:02,32.7858,119.4278,83.8,49,16,17.65
231,Kholm,RU,2022-09-02 03:36:03,59.2667,32.85,43.59,93,100,7.61
232,Carauari,BR,2022-09-02 03:31:18,-4.8828,-66.8958,74.59,72,11,2.33
233,Saint Anthony,US,2022-09-02 03:36:03,45.0205,-93.218,78.85,79,0,9.22
234,Thinadhoo,MV,2022-09-02 03:36:03,0.5333,72.9333,82.65,70,64,19.28
235,Hualmay,PE,2022-09-02 03:36:04,-11.0964,-77.6139,59.79,82,23,9.69
236,Manta,EC,2022-09-02 03:36:04,-0.95,-80.7333,71.38,83,100,8.05
237,Slave Lake,CA,2022-09-02 03:34:18,55.2834,-114.769,53.58,82,0,5.75
238,Gornopravdinsk,RU,2022-09-02 03:36:04,60.05,69.9,49.86,67,100,8.41
239,Chara,RU,2022-09-02 03:36:05,56.9064,118.2631,53.35,48,13,4.03
240,Narsaq,GL,2022-09-02 03:36:05,60.9167,-46.05,46.62,57,16,2.42
241,Dingle,PH,2022-09-02 03:36:05,10.9995,122.6711,87.31,70,100,15.75
242,Airai,TL,2022-09-02 03:36:05,-8.9266,125.4092,78.42,39,2,5.91
243,Vila Velha,BR,2022-09-02 03:31:21,-20.3297,-40.2925,63.95,87,20,3.0
244,Nikolskoye,RU,2022-09-02 03:36:06,59.7035,30.7861,48.78,89,100,9.51
245,Vardo,NO,2022-09-02 03:36:06,70.3705,31.1107,46.38,81,100,20.71
246,Rio Claro,BR,2022-09-02 03:36:06,-22.4114,-47.5614,59.72,39,0,4.74
247,Iglesias,IT,2022-09-02 03:36:06,39.3114,8.535,65.62,57,90,2.26
248,Grindavik,IS,2022-09-02 03:36:07,63.8424,-22.4338,46.87,87,0,11.5
249,Villa Carlos Paz,AR,2022-09-02 03:36:07,-31.4241,-64.4978,56.82,25,1,8.01
250,Sicuani,PE,2022-09-02 03:36:07,-14.2694,-71.2261,44.83,76,54,1.59
251,Camana,PE,2022-09-02 03:36:07,-16.6228,-72.7111,58.82,83,77,10.58
252,Panzhihua,CN,2022-09-02 03:36:08,26.5851,101.7128,69.39,79,99,3.0
253,Vaitape,PF,2022-09-02 03:36:08,-16.5167,-151.75,78.87,68,1,15.14
254,Beni Mazar,EG,2022-09-02 03:36:08,28.4962,30.8029,75.45,68,0,11.88
255,Talnakh,RU,2022-09-02 03:36:09,69.4865,88.3972,43.21,63,31,1.05
256,Aksu,CN,2022-09-02 03:36:09,41.1231,80.2644,78.35,29,9,1.66
257,Den Helder,NL,2022-09-02 03:33:02,52.9599,4.7593,60.78,74,100,8.05
258,Pocone,BR,2022-09-02 03:36:09,-16.2567,-56.6228,79.45,29,0,5.64
259,Lompoc,US,2022-09-02 03:32:53,34.6391,-120.4579,64.58,82,0,8.05
260,Bonthe,SL,2022-09-02 03:36:10,7.5264,-12.505,73.58,92,99,5.37
261,Tiksi,RU,2022-09-02 03:36:10,71.6872,128.8694,39.61,83,100,24.27
262,Butembo,CD,2022-09-02 03:36:10,0.15,29.2833,56.61,96,99,1.43
263,Rawson,AR,2022-09-02 03:36:10,-43.3002,-65.1023,49.12,42,0,5.73
264,San Policarpo,PH,2022-09-02 03:36:11,12.1791,125.5072,88.3,66,100,13.44
265,Linhares,BR,2022-09-02 03:36:11,-19.3911,-40.0722,59.99,87,3,2.33
266,Katsuura,JP,2022-09-02 03:36:11,35.1333,140.3,79.39,86,78,4.09
267,Raga,SS,2022-09-02 03:36:12,8.4596,25.678,67.68,98,98,4.45
268,Okhotsk,RU,2022-09-02 03:36:12,59.3833,143.3,60.21,72,64,4.23
269,Bac Lieu,VN,2022-09-02 03:36:12,9.285,105.7244,87.12,67,86,7.45
270,Invermere,CA,2022-09-02 03:36:12,50.5167,-116.0354,69.37,34,36,3.0
271,Batagay,RU,2022-09-02 03:36:13,67.6333,134.6333,50.5,47,100,3.38
272,Chulym,RU,2022-09-02 03:36:13,55.0997,80.9572,54.07,82,100,11.77
273,Seoul,KR,2022-09-02 03:35:06,37.5683,126.9778,81.97,45,0,12.66
274,Pilar,BR,2022-09-02 03:36:13,-9.5972,-35.9567,69.73,89,10,4.16
275,Tessalit,ML,2022-09-02 03:36:13,20.1986,1.0114,85.48,44,14,12.44
276,Dharchula,IN,2022-09-02 03:36:14,29.85,80.5333,78.4,78,58,3.33
277,Chadan,RU,2022-09-02 03:36:14,51.2833,91.5833,68.54,39,49,4.41
278,Kollo,NE,2022-09-02 03:36:14,13.3043,2.339,77.43,85,86,7.67
279,Kendal,GB,2022-09-02 03:36:14,54.3268,-2.7476,56.61,93,1,4.88
280,Bagdarin,RU,2022-09-02 03:36:15,54.4333,113.6,58.42,66,98,5.88
281,Kutno,PL,2022-09-02 03:36:15,52.2306,19.3641,52.11,80,5,6.58
282,Olafsvik,IS,2022-09-02 03:36:15,64.8945,-23.7142,47.66,76,20,23.82
283,Aklavik,CA,2022-09-02 03:36:16,68.2191,-135.0107,61.48,56,100,6.8
284,Lewistown,US,2022-09-02 03:36:16,40.5992,-77.5714,64.18,100,0,0.0
285,Aykhal,RU,2022-09-02 03:36:16,66.0,111.5,37.51,99,100,12.26
286,Loandjili,CG,2022-09-02 03:36:17,-4.7561,11.8578,73.51,88,75,2.3
287,Kargasok,RU,2022-09-02 03:36:17,59.0556,80.8572,50.72,63,39,9.6
288,Richards Bay,ZA,2022-09-02 03:34:25,-28.783,32.0377,60.39,69,0,14.05
289,State College,US,2022-09-02 03:36:17,40.7934,-77.86,61.81,82,0,0.0
290,Geraldton,AU,2022-09-02 03:31:21,-28.7667,114.6,64.81,32,100,21.85
291,Mercedes,AR,2022-09-02 03:36:18,-34.6515,-59.4307,54.64,66,100,14.16
292,Baykit,RU,2022-09-02 03:36:18,61.67,96.37,51.21,61,57,1.14
293,Bilma,NE,2022-09-02 03:36:18,18.6853,12.9164,86.47,48,82,6.15
294,Nador,MA,2022-09-02 03:36:18,35.174,-2.9287,82.65,32,0,11.5
295,Hetauda,NP,2022-09-02 03:36:19,27.4284,85.0322,83.55,68,72,3.2
296,Caucaia,BR,2022-09-02 03:36:19,-3.7361,-38.6531,79.03,72,75,18.41
297,Thunder Bay,CA,2022-09-02 03:35:20,48.4001,-89.3168,62.58,88,0,5.75
298,Vila Do Maio,CV,2022-09-02 03:36:19,15.1333,-23.2167,79.59,84,95,15.95
299,Kloulklubed,PW,2022-09-02 03:36:20,7.0419,134.2556,86.5,72,97,11.25
300,Lagoa,PT,2022-09-02 03:36:20,39.05,-27.9833,71.06,73,33,15.73
301,Phangnga,TH,2022-09-02 03:36:20,8.4509,98.5298,80.64,62,52,3.42
302,Krasnoborsk,RU,2022-09-02 03:36:21,61.5598,45.934,46.6,82,96,5.39
303,Axim,GH,2022-09-02 03:36:21,4.8699,-2.2405,73.33,92,100,4.92
304,Kisangani,CD,2022-09-02 03:36:21,0.5167,25.2,67.03,99,100,3.62
305,Tadine,NC,2022-09-02 03:36:21,-21.55,167.8833,73.0,65,72,14.23
306,Nanortalik,GL,2022-09-02 03:36:22,60.1432,-45.2371,46.99,66,18,8.28
307,Codrington,AU,2022-09-02 03:36:22,-38.2667,141.9667,52.72,57,75,12.84
308,Verkhoyansk,RU,2022-09-02 03:36:22,67.5447,133.385,53.13,43,100,9.13
309,Wagga Wagga,AU,2022-09-02 03:31:28,-35.1167,147.3667,63.61,63,19,7.14
310,Saldanha,ZA,2022-09-02 03:36:22,-33.0117,17.9442,55.45,70,100,10.74
311,Port Lincoln,AU,2022-09-02 03:36:23,-34.7333,135.8667,54.23,56,97,14.58
312,Raudeberg,NO,2022-09-02 03:36:23,61.9875,5.1352,54.27,1,92,1.5
313,Victoria,HK,2022-09-02 03:32:26,22.2855,114.1577,88.32,63,100,13.0
314,Pisco,PE,2022-09-02 03:34:56,-13.7,-76.2167,57.25,88,0,0.0
315,The Valley,AI,2022-09-02 03:36:23,18.217,-63.0578,83.82,70,4,18.25
316,Ahipara,NZ,2022-09-02 03:36:24,-35.1667,173.1667,59.16,57,21,6.24
317,Staryy Nadym,RU,2022-09-02 03:36:24,65.6118,72.6842,49.26,55,76,3.62
318,Qena,EG,2022-09-02 03:36:24,26.1615,32.7183,84.0,40,0,6.96
319,Sembakung,ID,2022-09-02 03:36:24,3.8167,117.25,89.76,58,100,3.4
320,Kaitangata,NZ,2022-09-02 03:36:25,-46.2817,169.8464,52.52,92,99,5.01
321,Anshun,CN,2022-09-02 03:36:25,26.25,105.9333,70.97,66,78,4.79
322,Yanam,IN,2022-09-02 03:36:25,16.7333,82.2167,88.77,65,97,6.46
323,Sayyan,YE,2022-09-02 03:36:25,15.1718,44.3244,63.07,45,6,7.29
324,Alora,ES,2022-09-02 03:36:26,36.8236,-4.7058,82.49,32,100,5.82
325,Aliaga,PH,2022-09-02 03:36:26,15.5167,120.8667,85.5,80,100,3.13
326,Basco,PH,2022-09-02 03:36:26,20.4487,121.9702,82.8,86,100,31.7
327,Leningradskiy,RU,2022-09-02 03:36:26,69.3833,178.4167,32.43,95,93,9.91
328,Upernavik,GL,2022-09-02 03:36:27,72.7868,-56.1549,39.4,62,100,7.18
329,Ha Giang,VN,2022-09-02 03:36:27,22.8333,104.9833,92.07,55,100,1.99
330,Marzuq,YE,2022-09-02 03:36:27,14.4,46.4667,76.71,60,2,2.51
331,Sambava,MG,2022-09-02 03:36:28,-14.2667,50.1667,68.81,84,23,9.84
332,Chegdomyn,RU,2022-09-02 03:36:28,51.1167,133.0167,64.65,45,2,3.09
333,Niamey,NE,2022-09-02 03:32:28,13.5137,2.1098,77.29,100,0,8.05
334,Ochakiv,UA,2022-09-02 03:36:28,46.6128,31.5498,65.25,47,18,16.84
335,Cravo Norte,CO,2022-09-02 03:36:28,6.3017,-70.2041,76.05,87,41,5.03
336,Tekeli,KZ,2022-09-02 03:36:29,44.83,78.8239,75.96,17,18,4.12
337,Sola,VU,2022-09-02 03:36:29,-13.8833,167.55,83.07,74,75,9.22
338,Barcelos,PT,2022-09-02 03:36:29,41.5388,-8.6151,65.84,94,100,1.81
339,Havre-Saint-Pierre,CA,2022-09-02 03:36:29,50.2334,-63.5986,55.76,94,100,5.75
340,Qasigiannguit,GL,2022-09-02 03:36:30,68.8193,-51.1922,43.05,86,100,4.79
341,Alta Floresta,BR,2022-09-02 03:36:30,-9.8756,-56.0861,77.76,32,85,3.65
342,Grand Baie,MU,2022-09-02 03:35:36,-20.0182,57.5802,68.47,67,15,1.99
343,West Fargo,US,2022-09-02 03:36:30,46.875,-96.9004,78.98,70,0,14.97
344,Honiara,SB,2022-09-02 03:36:30,-9.4333,159.95,78.44,88,100,2.59
345,Teya,RU,2022-09-02 03:36:31,60.3778,92.6267,47.08,67,97,4.25
346,Mount Gambier,AU,2022-09-02 03:31:47,-37.8333,140.7667,51.48,56,98,8.7
347,Abbeville,FR,2022-09-02 03:36:31,50.1,1.8333,66.16,65,95,5.91
348,Sept-Iles,CA,2022-09-02 03:36:31,50.2001,-66.3821,55.92,64,75,8.05
349,Shambu,ET,2022-09-02 03:36:32,9.5667,37.1,50.77,95,92,0.54
350,Provins,FR,2022-09-02 03:36:32,48.5833,3.1667,62.6,68,100,5.44
351,Nara,JP,2022-09-02 03:36:32,34.6851,135.8049,88.92,64,81,2.75
352,Ostrovnoy,RU,2022-09-02 03:36:32,68.0531,39.5131,47.44,82,100,23.89
353,Roebourne,AU,2022-09-02 03:36:33,-20.7833,117.1333,80.58,40,100,22.37
354,Santarem,BR,2022-09-02 03:36:33,-2.4431,-54.7083,77.13,100,0,2.3
355,Krasnovishersk,RU,2022-09-02 03:36:33,60.4078,57.082,54.86,98,100,4.32
356,Skibbereen,IE,2022-09-02 03:36:33,51.55,-9.2667,57.11,85,55,3.4
357,Natal,BR,2022-09-02 03:36:34,-5.795,-35.2094,73.62,94,20,8.05
358,Lae,PG,2022-09-02 03:36:34,-6.7221,146.9847,90.27,70,72,9.46
359,Gamba,GA,2022-09-02 03:36:34,-2.65,10.0,72.7,84,86,4.72
360,Bumba,CD,2022-09-02 03:36:34,2.1833,22.4667,68.54,97,97,2.84
361,Longyearbyen,SJ,2022-09-02 03:36:35,78.2186,15.6401,40.84,93,75,3.44
362,Nyimba,ZM,2022-09-02 03:36:35,-14.5566,30.8149,57.54,77,1,6.15
363,Saint-Pierre,RE,2022-09-02 03:36:35,-21.3393,55.4781,69.91,76,100,13.8
364,Vila,PT,2022-09-02 03:36:35,42.0304,-8.1588,53.71,86,96,0.76
365,Wajima,JP,2022-09-02 03:36:36,37.4,136.9,74.08,83,75,9.22
366,Kamenka,RU,2022-09-02 03:36:36,51.3223,42.7678,53.73,49,1,9.19
367,Rio Bonito,BR,2022-09-02 03:36:36,-22.7086,-42.6097,57.34,83,0,4.45
368,Oranjemund,NA,2022-09-02 03:36:36,-28.55,16.4333,53.35,94,16,5.14
369,Kirchhain,DE,2022-09-02 03:36:37,50.8167,8.9667,65.25,60,100,2.8
370,Namibe,AO,2022-09-02 03:36:37,-15.1961,12.1522,60.71,91,90,4.85
371,Gorom-Gorom,BF,2022-09-02 03:36:37,14.4439,-0.2361,78.66,75,68,8.5
372,Marsh Harbour,BS,2022-09-02 03:36:37,26.5412,-77.0636,83.37,71,9,5.46
373,Isla Mujeres,MX,2022-09-02 03:36:38,21.2311,-86.731,77.16,79,92,13.38
374,Shirokiy,RU,2022-09-02 03:36:38,49.758,129.523,70.39,54,0,8.39
375,Duku,NG,2022-09-02 03:36:38,11.2361,4.9073,71.06,99,100,5.01
376,Amga,RU,2022-09-02 03:36:38,60.8953,131.9608,47.97,90,100,7.45
377,Novoorsk,RU,2022-09-02 03:36:39,51.381,58.9813,83.05,18,3,14.2
378,Waddan,LY,2022-09-02 03:36:39,29.1614,16.139,82.11,29,0,3.96
379,Santa Vitoria Do Palmar,BR,2022-09-02 03:36:39,-33.5189,-53.3681,55.74,98,100,3.94
380,Trairi,BR,2022-09-02 03:33:30,-3.2778,-39.2689,78.24,77,21,15.19
381,Port Hardy,CA,2022-09-02 03:36:39,50.6996,-127.4199,57.38,94,40,8.05
382,Angren,UZ,2022-09-02 03:36:40,41.0167,70.1436,81.84,18,0,0.76
383,Moree,AU,2022-09-02 03:36:40,-29.4667,149.85,53.62,94,100,10.36
384,Puerto Lempira,HN,2022-09-02 03:36:40,15.2667,-83.7667,76.5,89,82,5.84
385,Getulio Vargas,UY,2022-09-02 03:36:40,-32.6796,-53.5494,59.99,99,100,4.79
386,Chabahar,IR,2022-09-02 03:36:41,25.2919,60.643,81.0,79,30,8.05
387,Kokkinokhoma,GR,2022-09-02 03:36:41,40.9333,24.3,72.82,81,92,4.74
388,Maarianhamina,AX,2022-09-02 03:36:41,60.0973,19.9348,35.46,100,16,1.14
389,Klaksvik,FO,2022-09-02 03:36:41,62.2266,-6.589,54.52,96,100,18.21
390,Ayagoz,KZ,2022-09-02 03:36:42,47.9714,80.4392,80.31,23,48,13.73
391,Torbay,CA,2022-09-02 03:35:31,47.6666,-52.7314,71.28,97,100,16.11
392,Santa Rosalia,MX,2022-09-02 03:36:42,27.3167,-112.2833,82.11,75,58,4.9
393,Vakhtan,RU,2022-09-02 03:36:42,57.9659,46.6889,47.77,66,27,7.63
394,Srednekolymsk,RU,2022-09-02 03:36:42,67.45,153.6833,63.95,41,100,10.71
395,Kyshtovka,RU,2022-09-02 03:36:43,56.555,76.6271,55.76,60,19,6.58
396,Gobo,JP,2022-09-02 03:36:43,33.8833,135.15,85.23,80,25,5.1
397,Balsas,BR,2022-09-02 03:36:43,-7.5325,-46.0356,72.66,36,0,3.85
398,Ovalle,CL,2022-09-02 03:36:43,-30.5983,-71.2003,52.95,82,1,0.25
399,Stephenville,US,2022-09-02 03:36:44,32.2207,-98.2023,75.99,88,0,1.99
400,Russell,US,2022-09-02 03:36:44,32.3502,-85.1999,76.23,94,0,0.0
401,Upata,VE,2022-09-02 03:36:44,8.0086,-62.3989,75.2,91,12,1.1
402,Paamiut,GL,2022-09-02 03:36:45,61.994,-49.6678,48.58,78,25,16.11
403,Balabac,PH,2022-09-02 03:36:45,7.9868,117.0645,84.7,72,100,3.65
404,Diu,IN,2022-09-02 03:36:45,20.7141,70.9822,82.87,74,85,5.88
405,Kourou,GF,2022-09-02 03:36:45,5.1552,-52.6478,75.25,91,12,8.46
406,Puksoozero,RU,2022-09-02 03:36:46,62.5903,40.6066,38.43,98,100,8.63
407,Tezu,IN,2022-09-02 03:36:46,27.9167,96.1667,78.08,95,100,0.74
408,Terekli-Mekteb,RU,2022-09-02 03:36:46,44.1671,45.8698,79.36,47,2,6.35
409,Rudnogorsk,RU,2022-09-02 03:36:47,57.2639,103.7519,50.9,55,100,5.01
410,Adrar,MR,2022-09-02 03:36:47,20.5022,-10.0711,87.26,45,5,12.03
411,Fort-Shevchenko,KZ,2022-09-02 03:36:47,44.5086,50.263,82.0,40,51,20.78
412,Nelson Bay,AU,2022-09-02 03:36:47,-32.7167,152.15,62.01,92,100,10.0
413,Cairns,AU,2022-09-02 03:36:48,-16.9167,145.7667,80.06,100,40,5.75
414,Taikang,CN,2022-09-02 03:36:48,46.8333,124.4167,78.6,31,2,17.78
415,Pangkalanbuun,ID,2022-09-02 03:36:48,-2.6833,111.6167,90.99,52,54,5.19
416,Bukama,CD,2022-09-02 03:36:48,-9.2,25.85,76.42,39,61,5.03
417,Banepa,NP,2022-09-02 03:36:49,27.6298,85.5214,71.92,83,75,4.61
418,High Level,CA,2022-09-02 03:36:49,58.5169,-117.136,59.11,72,75,2.3
419,Ust-Koksa,RU,2022-09-02 03:36:49,50.2696,85.6108,67.41,45,34,0.85
420,East London,ZA,2022-09-02 03:36:49,-33.0153,27.9116,74.34,43,0,5.75
421,Pithoro,PK,2022-09-02 03:36:50,25.5167,69.3833,84.61,69,75,12.8
422,Taywarah,AF,2022-09-02 03:36:50,33.35,64.4167,64.58,12,0,2.44
423,Praia,CV,2022-09-02 03:36:50,14.9215,-23.5087,79.34,89,75,10.36
424,Sao Filipe,CV,2022-09-02 03:36:50,14.8961,-24.4956,78.08,86,100,8.86
425,Itaquyry,PY,2022-09-02 03:36:51,-24.9333,-55.2167,75.0,52,33,7.81
426,Faanui,PF,2022-09-02 03:36:51,-16.4833,-151.75,78.87,68,1,15.26
427,Da Lat,VN,2022-09-02 03:36:05,11.9465,108.4419,73.63,73,94,1.57
428,Pizarro,CO,2022-09-02 03:36:51,4.9533,-77.366,76.51,88,90,0.92
429,Partyzany,UA,2022-09-02 03:36:51,46.3314,34.7503,63.25,42,0,13.51
430,Cukai,MY,2022-09-02 03:36:52,4.25,103.4167,87.75,65,67,5.41
431,Buraydah,SA,2022-09-02 03:36:52,26.326,43.975,77.45,16,38,6.76
432,Frontera,MX,2022-09-02 03:36:52,26.9333,-101.45,80.33,73,96,3.0
433,Oltenesti,RO,2022-09-02 03:36:53,46.5833,27.9,59.47,62,100,8.79
434,Antonina,BR,2022-09-02 03:36:53,-25.4286,-48.7119,67.73,94,2,1.88
435,Chuy,UY,2022-09-02 03:36:53,-33.6971,-53.4616,55.18,98,100,3.67
436,Nouadhibou,MR,2022-09-02 03:36:53,20.931,-17.0347,82.38,65,35,5.75
437,Asosa,ET,2022-09-02 03:36:54,10.0667,34.5333,57.96,94,71,4.47
438,Pavlovsk,RU,2022-09-02 03:36:54,50.4578,40.1081,54.54,51,1,6.06
439,Alofi,NU,2022-09-02 03:36:54,-19.0595,-169.9187,78.69,65,37,11.5
440,Redmond,US,2022-09-02 03:35:42,47.674,-122.1215,74.59,73,2,3.56
441,Letterkenny,IE,2022-09-02 03:36:54,54.95,-7.7333,51.89,93,100,2.73
442,San Buenaventura,MX,2022-09-02 03:36:55,27.0833,-101.5333,81.48,64,100,6.49
443,Jabinyanah,TN,2022-09-02 03:36:55,35.035,10.9081,78.6,73,2,5.97
444,Pauini,BR,2022-09-02 03:36:55,-7.7136,-66.9764,74.7,50,8,2.62
445,Quatre Cocos,MU,2022-09-02 03:36:55,-20.2078,57.7625,68.11,61,15,12.44
446,Yuty,PY,2022-09-02 03:36:56,-26.6,-56.25,66.38,89,93,4.9
447,Kamina,CD,2022-09-02 03:36:56,-8.7386,24.9906,65.59,53,57,6.15
448,Tchaourou,BJ,2022-09-02 03:36:56,8.8865,2.5975,70.5,98,100,5.82
449,Carndonagh,IE,2022-09-02 03:36:56,55.25,-7.2667,55.78,85,100,4.54
450,Komsomolskiy,UZ,2022-09-02 03:36:57,40.4272,71.7189,77.72,29,0,2.3
451,Bom Jardim,BR,2022-09-02 03:36:57,-7.7958,-35.5872,64.8,93,43,5.55
452,Redlands,US,2022-09-02 03:33:42,34.0556,-117.1825,94.15,33,40,9.22
453,La Paz,BO,2022-09-02 03:35:26,-16.5,-68.15,42.78,87,40,8.05
454,Kalmunai,LK,2022-09-02 03:36:57,7.4167,81.8167,82.44,71,71,3.62
455,Saint-Paul,RE,2022-09-02 03:36:57,-21.0096,55.2707,70.36,64,3,9.04
456,San Vicente,AR,2022-09-02 03:36:58,-26.6167,-54.1333,69.26,58,45,5.64
457,Kysyl-Syr,RU,2022-09-02 03:36:58,63.8986,122.7617,50.56,53,99,5.12
458,San Jose,US,2022-09-02 03:32:13,37.3394,-121.895,84.22,50,20,8.05
459,Phanom Thuan,TH,2022-09-02 03:36:58,14.1303,99.6986,90.63,59,23,3.27
460,Tazovskiy,RU,2022-09-02 03:36:58,67.4667,78.7,46.85,63,16,9.19
461,Innisfail,AU,2022-09-02 03:36:59,-17.5333,146.0333,71.53,98,100,4.85
462,Yerbogachen,RU,2022-09-02 03:36:59,61.2767,108.0108,45.05,78,94,8.75
463,Coos Bay,US,2022-09-02 03:35:42,43.3665,-124.2179,62.31,95,75,5.75
464,Sechura,PE,2022-09-02 03:36:59,-5.5569,-80.8222,61.57,82,15,11.3
465,Luderitz,NA,2022-09-02 03:37:00,-26.6481,15.1594,54.07,94,0,6.98
466,Abha,SA,2022-09-02 03:37:00,18.2164,42.5053,62.85,27,0,0.0
467,Da Nang,VN,2022-09-02 03:35:49,16.0678,108.2208,93.18,55,20,2.3
468,Amapa,BR,2022-09-02 03:37:00,1.0,-52.0,71.13,98,99,2.21
469,Ballina,AU,2022-09-02 03:37:00,-28.8667,153.5667,68.02,89,100,8.14
470,Bristol,US,2022-09-02 03:37:01,41.8334,-71.1662,65.55,74,4,5.77
471,Anadyr,RU,2022-09-02 03:37:01,64.75,177.4833,50.5,76,75,8.95
472,Manacapuru,BR,2022-09-02 03:37:01,-3.2997,-60.6206,78.62,62,30,3.58
473,Fairbanks,US,2022-09-02 03:33:11,64.8378,-147.7164,57.6,76,100,16.11
474,Huicungo,PE,2022-09-02 03:37:02,-7.2833,-76.8,70.09,76,84,2.44
475,Chihuahua,MX,2022-09-02 03:32:23,28.5,-106.0,67.03,81,97,3.24
476,Misratah,LY,2022-09-02 03:37:02,32.3754,15.0925,80.31,74,4,10.6
477,Inyonga,TZ,2022-09-02 03:37:02,-6.7167,32.0667,60.64,56,6,4.88
478,Fare,PF,2022-09-02 03:37:02,-16.7,-151.0167,78.44,71,1,15.37
479,Tena,EC,2022-09-02 03:37:03,-0.9833,-77.8167,68.67,96,86,3.15
480,Karatau,KZ,2022-09-02 03:37:03,43.1667,70.4667,77.88,16,0,5.53
481,Zhigansk,RU,2022-09-02 03:37:03,66.7697,123.3711,42.39,88,100,11.88
482,Dakar,SN,2022-09-02 03:37:03,14.6937,-17.4441,80.73,83,40,9.22
483,San Pedro,PH,2022-09-02 03:37:04,14.35,121.0167,86.36,83,75,11.5
484,Saint-Augustin,CA,2022-09-02 03:37:04,51.226,-58.6502,58.12,94,69,6.91
485,Yaan,NG,2022-09-02 03:37:04,7.3833,8.5667,69.85,97,100,5.88
486,Sibolga,ID,2022-09-02 03:37:04,1.7427,98.7792,82.72,68,100,3.24
487,Poum,NC,2022-09-02 03:37:05,-20.2333,164.0167,74.5,71,69,9.46
488,Mandera,KE,2022-09-02 03:37:05,3.9366,41.867,73.65,63,68,13.49
489,Kristianstad,SE,2022-09-02 03:37:05,56.0313,14.1524,48.34,89,1,4.61
490,Luanda,AO,2022-09-02 03:33:12,-8.8368,13.2343,69.8,88,75,6.91
491,Ipixuna,BR,2022-09-02 03:37:05,-1.7625,-48.8043,74.05,90,41,4.43
492,Tutoia,BR,2022-09-02 03:37:06,-2.7619,-42.2744,77.9,82,58,11.39
493,Marawi,PH,2022-09-02 03:37:06,7.9986,124.2928,86.02,54,99,3.87
494,Sakakah,SA,2022-09-02 03:37:06,29.9697,40.2064,80.17,14,15,2.08
495,Poya,NC,2022-09-02 03:37:07,-21.35,165.15,74.82,70,43,7.92
496,Hope,US,2022-09-02 03:37:07,33.6671,-93.5916,75.25,93,100,1.36
497,Flinders,AU,2022-09-02 03:37:07,-34.5833,150.8552,60.19,73,100,8.99
498,Khani,GE,2022-09-02 03:37:07,41.9563,42.9566,65.77,42,59,3.24
499,Igurubi,TZ,2022-09-02 03:37:08,-4.0,33.7,66.16,54,2,10.54
500,Solnechnyy,RU,2022-09-02 03:37:08,50.7214,136.6319,64.85,67,81,6.87
501,Coquimbo,CL,2022-09-02 03:33:11,-29.9533,-71.3436,51.53,87,0,5.75
502,Cabo San Lucas,MX,2022-09-02 03:37:08,22.8909,-109.9124,83.52,86,100,8.01
503,Ornskoldsvik,SE,2022-09-02 03:37:09,63.2909,18.7153,38.35,93,1,8.05
504,Starosubkhangulovo,RU,2022-09-02 03:37:09,53.1031,57.4423,70.39,42,83,4.54
505,Verkhniy Fiagdon,RU,2022-09-02 03:37:09,42.8333,44.3053,56.07,40,4,5.73
506,Atar,MR,2022-09-02 03:37:10,20.5169,-13.0499,83.53,59,48,6.98
507,Kavaratti,IN,2022-09-02 03:37:10,10.5669,72.642,77.14,90,100,19.35
508,Sinnamary,GF,2022-09-02 03:37:10,5.3833,-52.95,77.27,89,38,9.86
509,Wasilla,US,2022-09-02 03:33:07,61.5814,-149.4394,57.02,82,20,9.22
510,Tiznit,MA,2022-09-02 03:37:10,29.5833,-9.5,78.58,46,99,1.59
511,Crystal Beach,CA,2022-09-02 03:37:11,42.8699,-79.0583,66.67,81,0,5.91
512,Ixtepec,MX,2022-09-02 03:37:11,16.5786,-95.1022,77.13,87,100,6.24
513,Guarapari,BR,2022-09-02 03:37:11,-20.6667,-40.4975,63.9,81,0,5.86
514,Bhatkal,IN,2022-09-02 03:37:12,13.9667,74.5667,80.01,86,90,7.16
515,Mitu,CO,2022-09-02 03:37:12,1.1983,-70.1733,71.15,97,20,0.83
516,Narayanpet,IN,2022-09-02 03:37:12,16.7333,77.5,82.09,68,62,10.13
517,Qiongshan,CN,2022-09-02 03:37:12,20.0058,110.3542,84.18,79,75,11.18
518,Jacqueville,CI,2022-09-02 03:37:13,5.2052,-4.4146,73.87,92,100,7.63
519,Kuching,MY,2022-09-02 03:37:13,1.55,110.3333,79.02,89,20,2.3
520,Foumban,CM,2022-09-02 03:37:13,5.7291,10.9001,61.34,97,100,2.24
521,Peniche,PT,2022-09-02 03:37:13,39.3558,-9.3811,66.29,95,55,5.75
522,Kalevala,RU,2022-09-02 03:37:14,65.2,31.1667,43.74,82,100,10.42
523,Kulykiv,UA,2022-09-02 03:37:14,50.3142,24.8176,45.32,82,29,5.55
524,Kijang,KR,2022-09-02 03:37:14,35.2442,129.2139,74.93,89,100,18.75
525,La Ronge,CA,2022-09-02 03:37:15,55.1001,-105.2842,59.25,58,40,21.85
526,Caconda,AO,2022-09-02 03:37:15,-13.7333,15.0667,57.96,63,34,2.91
527,Bua Yai,TH,2022-09-02 03:37:15,15.5855,102.4259,91.85,92,73,4.45
528,Qandala,SO,2022-09-02 03:37:15,11.472,49.8728,85.89,60,4,1.34
529,Matola,MZ,2022-09-02 03:37:16,-25.9622,32.4589,56.19,91,0,5.08
530,Acapulco,MX,2022-09-02 03:37:16,16.8634,-99.8901,84.02,79,100,11.5
531,Pandamatenga,BW,2022-09-02 03:37:16,-18.5278,25.627,51.87,50,0,6.8
532,Maneadero,MX,2022-09-02 03:37:16,31.7167,-116.5667,75.09,81,17,4.21
533,Worthington,US,2022-09-02 03:37:17,40.0931,-83.018,72.09,86,100,4.29
534,Ascension,US,2022-09-02 03:37:17,30.2169,-90.9001,81.09,89,0,4.61
535,Los Llanos De Aridane,ES,2022-09-02 03:37:17,28.6585,-17.9182,75.13,78,0,5.75
536,Kalabo,ZM,2022-09-02 03:37:18,-14.97,22.6814,52.86,73,0,5.61
537,Charters Towers,AU,2022-09-02 03:37:18,-20.1,146.2667,79.99,58,86,11.65
538,Normandin,CA,2022-09-02 03:37:18,48.8333,-72.5321,46.71,93,14,4.61
539,Sibut,CF,2022-09-02 03:37:18,5.718,19.0739,67.64,97,99,1.12
540,Diamantino,BR,2022-09-02 03:32:43,-14.4086,-56.4461,77.92,31,0,5.08
541,Walvis Bay,NA,2022-09-02 03:37:19,-22.9575,14.5053,52.75,93,7,4.61
542,Usinsk,RU,2022-09-02 03:37:19,65.9939,57.5281,42.17,93,100,9.42
543,Elko,US,2022-09-02 03:37:19,41.0002,-115.5012,81.23,14,0,4.18
544,Abalak,RU,2022-09-02 03:37:20,58.1286,68.5944,55.85,79,100,10.94
545,Sabang,ID,2022-09-02 03:37:20,5.8933,95.3214,81.68,75,96,15.39
546,Tuatapere,NZ,2022-09-02 03:37:21,-46.1333,167.6833,56.34,70,49,4.36
547,Paharpur,PK,2022-09-02 03:37:21,32.1038,70.9724,94.68,44,2,4.43
548,Shakawe,BW,2022-09-02 03:37:21,-18.3667,21.85,52.23,44,2,5.44
549,Antalaha,MG,2022-09-02 03:37:22,-14.9003,50.2788,69.22,89,66,8.39
550,Najran,SA,2022-09-02 03:37:22,17.4924,44.1277,72.25,26,0,2.68
551,Tara,RU,2022-09-02 03:37:22,56.8944,74.371,54.73,64,61,7.05
552,Tatarsk,RU,2022-09-02 03:37:22,55.219,75.9828,60.15,57,70,7.74
553,Sawtell,AU,2022-09-02 03:37:23,-30.3833,153.1,66.22,77,40,13.8
554,Ilinskiy,RU,2022-09-02 03:37:23,55.619,38.1182,45.37,93,75,8.99
555,Erzin,TR,2022-09-02 03:37:23,36.9559,36.2,76.75,68,50,1.07
556,Jamkhed,IN,2022-09-02 03:37:24,18.7362,75.3121,82.49,60,48,5.41
557,Ngunguru,NZ,2022-09-02 03:37:24,-35.6167,174.5,56.7,56,100,6.96
558,Kajaani,FI,2022-09-02 03:37:24,64.2273,27.7285,39.25,93,40,8.05
559,Awjilah,LY,2022-09-02 03:37:25,29.1081,21.2869,77.95,55,0,6.46
560,Cadereyta,MX,2022-09-02 03:37:25,25.5833,-99.9833,85.17,65,96,4.43
561,Kinablangan,PH,2022-09-02 03:37:25,7.6947,126.5503,87.96,65,96,11.27
562,Madimba,TZ,2022-09-02 03:37:25,-10.4,40.3333,67.32,77,20,23.02
563,Biltine,TD,2022-09-02 03:37:26,14.5333,20.9167,76.24,73,92,3.29
